asset_id,device_type,model_name,initial_age,current_temp,current_usage,maint_score,repairs
AST-3000,laptop,HP EliteBook 840,29,63.27,41.99,6,0
AST-3001,desktop,HP ProDesk 400,36,75.21,73.84,2,4
AST-3002,laptop,HP EliteBook 840,54,80.48,54.33,2,3
AST-3003,laptop,HP EliteBook 840,61,86.34,64.15,2,6
AST-3004,desktop,HP ProDesk 400,37,44.3,35.65,10,0
AST-3005,laptop,HP EliteBook 840,1,45.41,25.97,9,0
AST-3006,desktop,Dell OptiPlex 7000,36,41.67,33.22,10,0
AST-3007,laptop,Dell Latitude 5440,24,62.23,37.1,7,0
AST-3008,laptop,HP EliteBook 840,12,49.28,25.44,10,0
AST-3009,laptop,HP EliteBook 840,4,45.36,25.55,9,0
AST-3010,desktop,HP ProDesk 400,41,41.49,33.45,9,0
AST-3011,laptop,HP EliteBook 840,67,78.51,60.45,1,4
AST-3012,laptop,Dell Latitude 5440,37,65.44,37.61,5,0
AST-3013,desktop,HP ProDesk 400,18,41.53,33.21,10,0
AST-3014,desktop,HP ProDesk 400,11,41.56,34.6,9,0
AST-3015,desktop,HP ProDesk 400,47,40.46,31.7,10,0
AST-3016,laptop,Dell Latitude 5440,13,46.73,24.99,10,0
AST-3017,laptop,HP EliteBook 840,8,46.39,25.4,10,0
AST-3018,desktop,HP ProDesk 400,14,43.82,39.65,10,0
AST-3019,laptop,HP EliteBook 840,14,50.07,30.5,9,0
AST-3020,desktop,HP ProDesk 400,58,68.08,87.62,3,6
AST-3021,laptop,HP EliteBook 840,19,49.15,25.1,10,0
AST-3022,desktop,Dell OptiPlex 7000,35,62.33,53.29,6,0
AST-3023,laptop,HP EliteBook 840,46,69.2,44.81,7,1
AST-3024,laptop,HP EliteBook 840,7,46.72,28.47,9,0
AST-3025,desktop,Dell OptiPlex 7000,11,40.38,31.94,9,0
AST-3026,desktop,Dell OptiPlex 7000,42,41.53,36.3,9,0
AST-3027,desktop,Dell OptiPlex 7000,70,77.43,81.03,1,4
AST-3028,desktop,HP ProDesk 400,0,40.76,42.09,9,0
AST-3029,laptop,Dell Latitude 5440,22,49.82,30.7,9,0
AST-3030,desktop,HP ProDesk 400,45,60.05,49.64,6,0
AST-3031,laptop,Dell Latitude 5440,6,48.6,29.37,9,0
AST-3032,laptop,Dell Latitude 5440,60,62.8,42.46,7,0
AST-3033,desktop,HP ProDesk 400,5,58.56,43.84,7,0
AST-3034,laptop,Dell Latitude 5440,3,68.68,42.95,6,0
AST-3035,desktop,Dell OptiPlex 7000,62,75.23,70.68,1,4
AST-3036,desktop,HP ProDesk 400,8,42.97,37.49,10,0
AST-3037,laptop,Dell Latitude 5440,67,64.51,45.81,6,0
AST-3038,laptop,HP EliteBook 840,70,81.87,56.39,2,3
AST-3039,desktop,HP ProDesk 400,43,60.91,48.93,7,0
AST-3040,desktop,HP ProDesk 400,40,40.76,32.92,9,0
AST-3041,desktop,Dell OptiPlex 7000,8,42.03,35.57,10,0
AST-3042,desktop,Dell OptiPlex 7000,47,42.22,32.05,10,0
AST-3043,desktop,HP ProDesk 400,52,72.02,84.06,2,2
AST-3044,laptop,HP EliteBook 840,39,63.15,45.47,5,0
AST-3045,desktop,HP ProDesk 400,28,61.1,49.46,7,0
AST-3046,desktop,Dell OptiPlex 7000,28,61.54,45.27,7,0
AST-3047,desktop,HP ProDesk 400,34,61.86,53.08,6,1
AST-3048,laptop,Dell Latitude 5440,0,47.85,28.76,10,0
AST-3049,desktop,Dell OptiPlex 7000,18,41.27,28.33,9,0
AST-3050,desktop,HP ProDesk 400,48,72.5,79.64,2,4
AST-3051,desktop,Dell OptiPlex 7000,72,67.97,69.93,1,3
AST-3052,desktop,HP ProDesk 400,10,58.89,58.33,6,0
AST-3053,laptop,HP EliteBook 840,34,66.27,45.93,6,0
AST-3054,laptop,Dell Latitude 5440,62,78.27,59.63,1,5
AST-3055,laptop,HP EliteBook 840,0,67.54,50.5,5,0
AST-3056,desktop,Dell OptiPlex 7000,41,42.78,37.01,10,0
AST-3057,laptop,Dell Latitude 5440,16,45.79,30.17,10,0
AST-3058,laptop,Dell Latitude 5440,50,66.07,40.35,5,0
AST-3059,desktop,HP ProDesk 400,40,56.02,50.11,7,0
AST-3060,desktop,HP ProDesk 400,14,38.27,38.66,9,0
AST-3061,desktop,HP ProDesk 400,46,64.42,56.56,5,0
AST-3062,desktop,Dell OptiPlex 7000,67,85.4,82.75,3,4
AST-3063,laptop,Dell Latitude 5440,42,65.72,39.68,7,0
AST-3064,desktop,Dell OptiPlex 7000,44,55.01,60.61,7,0
AST-3065,laptop,Dell Latitude 5440,13,48.1,28.82,9,0
AST-3066,desktop,HP ProDesk 400,22,43.51,33.94,10,0
AST-3067,laptop,Dell Latitude 5440,72,73.36,46.72,2,4
AST-3068,laptop,Dell Latitude 5440,56,68.45,43.05,6,0
AST-3069,laptop,Dell Latitude 5440,45,78.19,60.26,2,2
AST-3070,desktop,HP ProDesk 400,47,60.09,51.11,5,0
AST-3071,desktop,HP ProDesk 400,59,52.98,47.7,7,1
AST-3072,laptop,Dell Latitude 5440,24,46.76,30.06,9,0
AST-3073,laptop,Dell Latitude 5440,57,91.02,68.28,2,2
AST-3074,desktop,Dell OptiPlex 7000,5,41.52,37.68,10,0
AST-3075,laptop,Dell Latitude 5440,46,63.79,43.59,6,0
AST-3076,laptop,HP EliteBook 840,42,66.72,41.97,7,0
AST-3077,desktop,HP ProDesk 400,19,40.51,37.86,9,0
AST-3078,desktop,Dell OptiPlex 7000,39,64.05,51.25,6,0
AST-3079,desktop,Dell OptiPlex 7000,39,39.49,33.7,10,0
AST-3080,laptop,Dell Latitude 5440,67,88.7,65.45,3,4
AST-3081,laptop,HP EliteBook 840,46,62.84,50.41,6,1
AST-3082,laptop,Dell Latitude 5440,24,65.74,43.4,5,0
AST-3083,laptop,HP EliteBook 840,64,66.24,33.72,7,0
AST-3084,desktop,Dell OptiPlex 7000,16,40.79,34.17,9,0
AST-3085,laptop,HP EliteBook 840,56,87.08,62.05,3,3
AST-3086,desktop,HP ProDesk 400,36,59.58,45.5,5,0
AST-3087,desktop,HP ProDesk 400,60,79.2,74.76,3,6
AST-3088,desktop,HP ProDesk 400,59,77.56,66.67,3,6
AST-3089,desktop,HP ProDesk 400,20,42.6,30.9,9,0
AST-3090,laptop,Dell Latitude 5440,6,45.57,23.55,9,0
AST-3091,laptop,Dell Latitude 5440,36,67.03,42.44,6,1
AST-3092,desktop,Dell OptiPlex 7000,55,85.71,84.18,2,4
AST-3093,desktop,Dell OptiPlex 7000,53,82.08,79.33,1,5
AST-3094,laptop,HP EliteBook 840,47,65.92,44.71,5,0
AST-3095,laptop,Dell Latitude 5440,18,48.3,29.06,10,0
AST-3096,desktop,HP ProDesk 400,60,76.01,77.2,1,2
AST-3097,desktop,HP ProDesk 400,27,61.43,48.16,7,0
AST-3098,desktop,Dell OptiPlex 7000,14,41.68,33.18,9,0
AST-3099,desktop,Dell OptiPlex 7000,30,39.17,37.14,10,0
AST-3100,desktop,Dell OptiPlex 7000,14,42.41,32.48,9,0
AST-3101,laptop,Dell Latitude 5440,18,47.48,27.64,10,0
AST-3102,laptop,Dell Latitude 5440,53,85.35,68.73,3,4
AST-3103,laptop,Dell Latitude 5440,67,74.05,57.62,3,6
AST-3104,desktop,HP ProDesk 400,49,77.54,75.72,2,4
AST-3105,laptop,Dell Latitude 5440,2,47.15,28.23,9,0
AST-3106,desktop,Dell OptiPlex 7000,42,61.37,55.27,6,0
AST-3107,desktop,Dell OptiPlex 7000,59,82.16,76.18,1,3
AST-3108,laptop,HP EliteBook 840,58,67.46,41.87,5,1
AST-3109,laptop,HP EliteBook 840,39,43.01,26.77,10,0
AST-3110,desktop,Dell OptiPlex 7000,4,41.52,33.37,10,0
AST-3111,desktop,HP ProDesk 400,42,41.11,39.43,10,0
AST-3112,desktop,HP ProDesk 400,56,80.4,73.35,1,5
AST-3113,desktop,Dell OptiPlex 7000,47,62.73,50.28,5,0
AST-3114,desktop,HP ProDesk 400,55,69.07,70.31,3,4
AST-3115,laptop,HP EliteBook 840,13,49.43,29.27,10,0
AST-3116,laptop,HP EliteBook 840,54,85.21,66.13,2,2
AST-3117,laptop,HP EliteBook 840,55,64.21,52.31,5,0
AST-3118,desktop,Dell OptiPlex 7000,46,54.52,51.95,5,1
AST-3119,desktop,HP ProDesk 400,56,78.32,77.49,3,4
AST-3120,laptop,HP EliteBook 840,49,83.72,60.02,1,5
AST-3121,laptop,HP EliteBook 840,47,64.37,41.8,5,0
AST-3122,desktop,Dell OptiPlex 7000,40,58.16,50.05,5,0
AST-3123,laptop,HP EliteBook 840,63,58.9,40.27,5,0
AST-3124,desktop,HP ProDesk 400,57,60.41,57.87,7,1
AST-3125,desktop,HP ProDesk 400,25,63.71,57.95,6,0
AST-3126,laptop,HP EliteBook 840,11,48.96,21.42,10,0
AST-3127,desktop,Dell OptiPlex 7000,8,40.32,34.36,10,0
AST-3128,desktop,Dell OptiPlex 7000,22,41.98,32.13,9,0
AST-3129,laptop,HP EliteBook 840,17,47.65,30.41,10,0
AST-3130,laptop,Dell Latitude 5440,59,84.6,53.33,3,2
AST-3131,desktop,HP ProDesk 400,39,39.59,37.37,10,0
AST-3132,desktop,HP ProDesk 400,52,60.02,51.1,6,0
AST-3133,desktop,Dell OptiPlex 7000,59,74.55,72.01,3,6
AST-3134,laptop,Dell Latitude 5440,16,59.49,44.86,5,0
AST-3135,desktop,HP ProDesk 400,38,60.85,55.54,7,0
AST-3136,laptop,Dell Latitude 5440,10,47.49,31.05,10,0
AST-3137,laptop,Dell Latitude 5440,38,64.5,40.08,7,0
AST-3138,laptop,Dell Latitude 5440,21,46.2,24.15,10,0
AST-3139,laptop,Dell Latitude 5440,3,71.88,46.01,7,0
AST-3140,desktop,HP ProDesk 400,53,75.59,75.99,3,6
AST-3141,laptop,HP EliteBook 840,38,60.11,42.02,7,0
AST-3142,desktop,HP ProDesk 400,9,41.17,33.64,10,0
AST-3143,desktop,HP ProDesk 400,59,78.45,84.86,2,4
AST-3144,desktop,Dell OptiPlex 7000,51,61.47,55.32,7,0
AST-3145,desktop,HP ProDesk 400,59,61.85,55.54,5,0
AST-3146,desktop,HP ProDesk 400,49,79.92,72.29,1,4
AST-3147,laptop,HP EliteBook 840,24,65.79,36.57,7,0
AST-3148,laptop,Dell Latitude 5440,63,72.65,42.65,7,0
AST-3149,desktop,HP ProDesk 400,27,58.68,51.87,6,0
AST-3150,laptop,HP EliteBook 840,36,73.07,57.84,2,3
AST-3151,desktop,Dell OptiPlex 7000,46,41.62,32.62,10,0
AST-3152,desktop,HP ProDesk 400,72,56.87,51.06,6,0
AST-3153,laptop,Dell Latitude 5440,70,79.71,78.22,3,6
AST-3154,desktop,HP ProDesk 400,16,81.44,76.06,2,6
AST-3155,laptop,Dell Latitude 5440,18,48.06,30.33,9,0
AST-3156,laptop,HP EliteBook 840,4,48.38,29.21,10,0
AST-3157,laptop,HP EliteBook 840,19,46.08,25.64,10,0
AST-3158,desktop,HP ProDesk 400,20,39.88,37.16,10,0
AST-3159,laptop,HP EliteBook 840,64,85.41,53.98,3,6
AST-3160,desktop,HP ProDesk 400,60,78.42,71.73,3,2
AST-3161,laptop,HP EliteBook 840,39,66.9,35.1,7,0
AST-3162,laptop,Dell Latitude 5440,33,70.63,39.81,7,0
AST-3163,laptop,Dell Latitude 5440,61,85.87,67.92,3,5
AST-3164,desktop,Dell OptiPlex 7000,31,45.08,36.2,9,0
AST-3165,desktop,Dell OptiPlex 7000,2,40.04,35.94,10,0
AST-3166,desktop,Dell OptiPlex 7000,52,69.63,76.91,2,2
AST-3167,laptop,HP EliteBook 840,66,66.2,44.67,7,0
AST-3168,desktop,HP ProDesk 400,40,43.1,34.25,10,0
AST-3169,laptop,HP EliteBook 840,33,63.99,39.58,5,0
AST-3170,laptop,HP EliteBook 840,28,73.45,37.17,6,0
AST-3171,desktop,HP ProDesk 400,40,39.59,35.41,10,0
AST-3172,desktop,HP ProDesk 400,15,39.82,33.61,10,0
AST-3173,desktop,HP ProDesk 400,18,41.19,36.99,9,0
AST-3174,desktop,HP ProDesk 400,56,71.88,68.73,1,3
AST-3175,laptop,Dell Latitude 5440,71,64.96,39.2,7,0
AST-3176,laptop,Dell Latitude 5440,31,71.68,43.97,5,0
AST-3177,desktop,Dell OptiPlex 7000,12,39.46,37.06,9,0
AST-3178,laptop,HP EliteBook 840,0,73.58,38.81,5,0
AST-3179,desktop,Dell OptiPlex 7000,61,56.55,47.05,6,0
AST-3180,laptop,Dell Latitude 5440,11,46.87,26.01,9,0
AST-3181,desktop,HP ProDesk 400,53,60.88,50.82,5,1
AST-3182,laptop,Dell Latitude 5440,63,85.74,69.69,2,2
AST-3183,desktop,HP ProDesk 400,38,58.2,51.71,6,0
AST-3184,desktop,Dell OptiPlex 7000,17,42.5,32.74,9,0
AST-3185,laptop,Dell Latitude 5440,42,67.24,45.03,6,0
AST-3186,desktop,HP ProDesk 400,43,60.48,47.49,5,0
AST-3187,desktop,Dell OptiPlex 7000,54,74.38,76.75,3,2
AST-3188,laptop,HP EliteBook 840,17,44.02,28.33,9,0
AST-3189,desktop,Dell OptiPlex 7000,49,59.96,59.17,6,0
AST-3190,laptop,Dell Latitude 5440,33,46.19,24.34,9,0
AST-3191,laptop,Dell Latitude 5440,59,80.72,66.23,3,4
AST-3192,laptop,Dell Latitude 5440,37,80.12,63.63,1,5
AST-3193,laptop,HP EliteBook 840,58,82.4,52.31,2,6
AST-3194,laptop,Dell Latitude 5440,68,85.5,49.88,1,6
AST-3195,desktop,Dell OptiPlex 7000,67,69.13,80.07,1,6
AST-3196,desktop,Dell OptiPlex 7000,7,43.04,30.25,9,0
AST-3197,desktop,Dell OptiPlex 7000,21,40.64,37.67,9,0
AST-3198,laptop,Dell Latitude 5440,62,87.53,64.38,1,5
AST-3199,laptop,HP EliteBook 840,65,76.95,64.42,3,5
AST-3200,desktop,Dell OptiPlex 7000,2,39.31,37.8,9,0
AST-3201,desktop,Dell OptiPlex 7000,5,39.43,36.79,9,0
AST-3202,laptop,HP EliteBook 840,60,68.52,42.06,5,0
AST-3203,desktop,Dell OptiPlex 7000,47,62.44,52.32,6,0
AST-3204,desktop,Dell OptiPlex 7000,44,66.43,61.03,6,0
AST-3205,desktop,HP ProDesk 400,0,41.66,28.08,10,0
AST-3206,laptop,HP EliteBook 840,68,63.93,43.24,6,0
AST-3207,desktop,HP ProDesk 400,24,63.95,50.04,5,0
AST-3208,desktop,HP ProDesk 400,2,41.53,35.93,9,0
AST-3209,desktop,Dell OptiPlex 7000,6,41.51,35.75,10,0
AST-3210,laptop,HP EliteBook 840,69,84.54,72.23,1,3
AST-3211,laptop,HP EliteBook 840,29,67.45,35.31,6,0
AST-3212,desktop,HP ProDesk 400,30,58.97,54.61,7,0
AST-3213,laptop,HP EliteBook 840,38,47.2,30.65,9,0
AST-3214,desktop,HP ProDesk 400,71,63.11,77.44,3,5
AST-3215,desktop,HP ProDesk 400,53,57.38,54.34,5,0
AST-3216,laptop,HP EliteBook 840,30,66.98,38.5,7,0
AST-3217,laptop,HP EliteBook 840,7,43.87,25.0,9,0
AST-3218,laptop,HP EliteBook 840,31,65.42,44.83,5,1
AST-3219,desktop,HP ProDesk 400,11,38.75,33.96,9,0
AST-3220,desktop,Dell OptiPlex 7000,48,73.36,69.77,1,3
AST-3221,laptop,Dell Latitude 5440,61,85.28,73.14,2,2
AST-3222,laptop,Dell Latitude 5440,24,48.23,27.21,10,0
AST-3223,desktop,HP ProDesk 400,26,57.73,54.29,6,0
AST-3224,laptop,HP EliteBook 840,59,62.73,40.46,6,0
AST-3225,desktop,HP ProDesk 400,59,66.39,59.05,6,0
AST-3226,desktop,Dell OptiPlex 7000,26,72.95,81.5,3,3
AST-3227,laptop,HP EliteBook 840,2,47.26,33.33,10,0
AST-3228,laptop,HP EliteBook 840,19,47.86,29.21,9,0
AST-3229,desktop,HP ProDesk 400,70,72.21,69.47,2,5
AST-3230,laptop,HP EliteBook 840,58,86.87,69.8,1,3
AST-3231,laptop,Dell Latitude 5440,23,49.13,25.94,9,0
AST-3232,laptop,HP EliteBook 840,9,49.6,26.25,9,0
AST-3233,laptop,Dell Latitude 5440,17,48.1,25.98,9,0
AST-3234,desktop,HP ProDesk 400,27,40.05,34.91,10,0
AST-3235,laptop,Dell Latitude 5440,2,49.4,27.63,9,0
AST-3236,laptop,HP EliteBook 840,67,64.85,36.37,6,0
AST-3237,desktop,Dell OptiPlex 7000,22,42.03,35.7,9,0
AST-3238,laptop,HP EliteBook 840,24,63.83,39.16,6,0
AST-3239,desktop,Dell OptiPlex 7000,10,40.43,36.83,9,0
AST-3240,desktop,Dell OptiPlex 7000,38,72.59,66.34,3,2
AST-3241,laptop,Dell Latitude 5440,51,77.9,65.74,1,2
AST-3242,laptop,Dell Latitude 5440,10,45.9,27.5,10,0
AST-3243,desktop,HP ProDesk 400,67,79.66,74.89,3,6
AST-3244,desktop,Dell OptiPlex 7000,34,42.06,35.28,10,0
AST-3245,desktop,HP ProDesk 400,22,61.85,51.0,5,0
AST-3246,desktop,HP ProDesk 400,9,40.91,38.07,10,0
AST-3247,laptop,HP EliteBook 840,49,82.6,57.21,3,2
AST-3248,desktop,HP ProDesk 400,6,61.28,54.17,5,0
AST-3249,laptop,HP EliteBook 840,41,67.86,41.84,6,0
AST-3250,desktop,HP ProDesk 400,70,62.47,50.96,7,0
AST-3251,desktop,Dell OptiPlex 7000,10,41.67,32.93,9,0
AST-3252,laptop,HP EliteBook 840,10,47.33,29.93,9,0
AST-3253,laptop,HP EliteBook 840,40,64.66,42.6,6,0
AST-3254,desktop,HP ProDesk 400,13,42.15,36.19,10,0
AST-3255,desktop,HP ProDesk 400,13,42.88,35.38,9,0
AST-3256,laptop,Dell Latitude 5440,49,87.65,60.98,1,6
AST-3257,laptop,HP EliteBook 840,66,84.87,65.64,1,4
AST-3258,desktop,HP ProDesk 400,34,58.42,52.56,6,0
AST-3259,desktop,HP ProDesk 400,61,60.08,48.79,5,0
AST-3260,desktop,HP ProDesk 400,25,57.94,53.06,5,1
AST-3261,laptop,Dell Latitude 5440,48,83.99,55.44,2,5
AST-3262,laptop,HP EliteBook 840,38,45.94,32.98,9,0
AST-3263,desktop,HP ProDesk 400,40,60.83,56.12,6,0
AST-3264,desktop,Dell OptiPlex 7000,31,58.38,55.38,6,0
AST-3265,laptop,Dell Latitude 5440,69,86.14,69.77,1,5
AST-3266,laptop,HP EliteBook 840,56,85.28,49.69,1,5
AST-3267,laptop,HP EliteBook 840,17,46.75,26.12,9,0
AST-3268,laptop,HP EliteBook 840,48,96.17,68.73,2,6
AST-3269,desktop,Dell OptiPlex 7000,68,52.76,52.13,7,0
AST-3270,desktop,Dell OptiPlex 7000,46,57.86,45.52,7,0
AST-3271,desktop,Dell OptiPlex 7000,13,41.76,31.37,10,0
AST-3272,desktop,HP ProDesk 400,5,39.51,33.61,10,0
AST-3273,desktop,Dell OptiPlex 7000,55,78.29,78.69,1,6
AST-3274,desktop,Dell OptiPlex 7000,57,72.58,81.76,3,6
AST-3275,desktop,Dell OptiPlex 7000,44,62.94,52.43,6,0
AST-3276,desktop,HP ProDesk 400,14,42.69,31.47,10,0
AST-3277,desktop,Dell OptiPlex 7000,43,57.54,53.25,6,0
AST-3278,laptop,Dell Latitude 5440,56,81.54,54.02,1,4
AST-3279,desktop,Dell OptiPlex 7000,14,42.86,35.32,9,0
AST-3280,desktop,HP ProDesk 400,31,55.72,51.99,6,0
AST-3281,desktop,HP ProDesk 400,29,60.75,47.11,5,0
AST-3282,desktop,HP ProDesk 400,50,83.28,78.51,1,5
AST-3283,laptop,Dell Latitude 5440,49,67.59,41.33,6,0
AST-3284,laptop,HP EliteBook 840,13,48.07,24.55,10,0
AST-3285,laptop,HP EliteBook 840,25,46.37,28.01,10,0
AST-3286,laptop,HP EliteBook 840,49,77.41,55.36,2,4
AST-3287,desktop,Dell OptiPlex 7000,22,42.42,31.4,10,0
AST-3288,laptop,Dell Latitude 5440,17,47.07,29.2,9,0
AST-3289,desktop,HP ProDesk 400,47,58.25,48.02,6,0
AST-3290,laptop,Dell Latitude 5440,54,67.17,46.48,7,1
AST-3291,desktop,HP ProDesk 400,71,60.74,55.36,5,0
AST-3292,laptop,Dell Latitude 5440,6,49.95,22.89,10,0
AST-3293,laptop,HP EliteBook 840,24,68.58,31.8,7,0
AST-3294,desktop,Dell OptiPlex 7000,62,54.55,56.37,6,0
AST-3295,desktop,HP ProDesk 400,28,58.87,55.6,7,0
AST-3296,desktop,Dell OptiPlex 7000,72,76.1,66.79,3,6
AST-3297,laptop,Dell Latitude 5440,14,47.29,30.61,10,0
AST-3298,laptop,HP EliteBook 840,56,68.0,55.28,1,3
AST-3299,desktop,HP ProDesk 400,4,40.18,35.72,9,0
AST-3300,laptop,HP EliteBook 840,15,47.68,25.69,10,0
AST-3301,desktop,Dell OptiPlex 7000,21,39.54,32.08,9,0
AST-3302,desktop,HP ProDesk 400,72,74.1,80.93,3,3
AST-3303,laptop,Dell Latitude 5440,37,64.92,44.31,7,1
AST-3304,laptop,HP EliteBook 840,17,50.06,26.48,9,0
AST-3305,desktop,Dell OptiPlex 7000,16,59.02,50.46,5,0
AST-3306,laptop,HP EliteBook 840,50,75.95,61.02,2,5
AST-3307,laptop,HP EliteBook 840,57,90.41,65.38,1,5
AST-3308,desktop,Dell OptiPlex 7000,47,56.17,53.8,7,0
AST-3309,laptop,HP EliteBook 840,58,62.43,36.62,5,0
AST-3310,laptop,HP EliteBook 840,27,70.99,39.76,6,0
AST-3311,laptop,HP EliteBook 840,43,46.74,27.11,10,0
AST-3312,laptop,Dell Latitude 5440,6,49.52,28.5,10,0
AST-3313,laptop,HP EliteBook 840,15,67.09,40.24,6,0
AST-3314,desktop,HP ProDesk 400,25,66.07,52.26,7,0
AST-3315,laptop,Dell Latitude 5440,11,46.86,25.93,10,0
AST-3316,desktop,HP ProDesk 400,6,40.48,36.29,9,0
AST-3317,desktop,Dell OptiPlex 7000,11,41.48,34.89,10,0
AST-3318,desktop,Dell OptiPlex 7000,16,39.99,33.32,10,0
AST-3319,desktop,Dell OptiPlex 7000,1,40.57,30.66,10,0
AST-3320,laptop,Dell Latitude 5440,61,86.94,63.04,3,2
AST-3321,laptop,Dell Latitude 5440,40,63.8,43.74,6,0
AST-3322,laptop,HP EliteBook 840,18,49.26,28.84,9,0
AST-3323,laptop,HP EliteBook 840,44,64.77,35.71,5,1
AST-3324,laptop,HP EliteBook 840,27,84.47,61.93,1,6
AST-3325,desktop,Dell OptiPlex 7000,44,62.04,51.7,5,0
AST-3326,desktop,Dell OptiPlex 7000,31,55.67,50.72,7,0
AST-3327,laptop,HP EliteBook 840,38,66.63,46.5,5,0
AST-3328,desktop,HP ProDesk 400,6,42.06,30.66,9,0
AST-3329,desktop,Dell OptiPlex 7000,49,62.18,55.56,7,0
AST-3330,laptop,Dell Latitude 5440,46,66.96,40.39,7,0
AST-3331,desktop,Dell OptiPlex 7000,60,84.73,74.09,1,6
AST-3332,laptop,HP EliteBook 840,1,47.47,28.21,9,0
AST-3333,laptop,HP EliteBook 840,64,64.42,47.4,6,0
AST-3334,laptop,HP EliteBook 840,10,46.32,25.1,9,0
AST-3335,desktop,Dell OptiPlex 7000,10,40.84,37.78,9,0
AST-3336,desktop,HP ProDesk 400,68,73.42,84.06,3,2
AST-3337,laptop,Dell Latitude 5440,55,81.28,48.98,1,3
AST-3338,laptop,Dell Latitude 5440,55,87.63,66.0,1,4
AST-3339,desktop,Dell OptiPlex 7000,15,42.31,35.11,9,0
AST-3340,desktop,Dell OptiPlex 7000,63,82.32,74.88,3,4
AST-3341,laptop,Dell Latitude 5440,47,69.15,46.24,6,0
AST-3342,desktop,HP ProDesk 400,3,40.69,37.28,9,0
AST-3343,desktop,HP ProDesk 400,9,39.71,35.07,9,0
AST-3344,desktop,Dell OptiPlex 7000,72,77.96,80.04,1,6
AST-3345,desktop,HP ProDesk 400,29,59.49,52.21,5,0
AST-3346,desktop,HP ProDesk 400,46,58.23,54.03,5,0
AST-3347,laptop,HP EliteBook 840,28,46.82,29.83,10,0
AST-3348,desktop,Dell OptiPlex 7000,9,40.82,34.45,9,0
AST-3349,desktop,HP ProDesk 400,28,62.34,41.86,6,0
AST-3350,laptop,Dell Latitude 5440,36,65.88,37.84,5,0
AST-3351,laptop,Dell Latitude 5440,47,66.68,46.16,6,0
AST-3352,desktop,Dell OptiPlex 7000,59,67.46,88.81,1,6
AST-3353,laptop,HP EliteBook 840,19,49.04,27.6,9,0
AST-3354,laptop,HP EliteBook 840,1,47.58,27.46,10,0
AST-3355,desktop,HP ProDesk 400,13,42.69,41.86,10,0
AST-3356,laptop,Dell Latitude 5440,7,48.32,27.26,10,0
AST-3357,desktop,HP ProDesk 400,5,44.32,32.47,10,0
AST-3358,desktop,Dell OptiPlex 7000,58,78.58,76.6,1,6
AST-3359,desktop,Dell OptiPlex 7000,50,82.27,80.52,2,3
AST-3360,desktop,HP ProDesk 400,37,59.32,55.97,6,0
AST-3361,laptop,Dell Latitude 5440,40,63.41,42.1,5,0
AST-3362,desktop,HP ProDesk 400,19,42.79,36.68,10,0
AST-3363,desktop,HP ProDesk 400,15,37.72,33.55,9,0
AST-3364,laptop,HP EliteBook 840,39,72.98,63.18,1,3
AST-3365,desktop,Dell OptiPlex 7000,5,42.14,39.81,9,0
AST-3366,laptop,HP EliteBook 840,31,87.42,59.31,1,4
AST-3367,desktop,Dell OptiPlex 7000,22,43.0,35.49,10,0
AST-3368,laptop,Dell Latitude 5440,12,44.87,28.57,9,0
AST-3369,laptop,Dell Latitude 5440,1,49.92,29.15,9,0
AST-3370,laptop,HP EliteBook 840,25,48.15,25.34,9,0
AST-3371,laptop,Dell Latitude 5440,9,48.04,27.62,10,0
AST-3372,laptop,Dell Latitude 5440,11,49.83,24.86,10,0
AST-3373,desktop,HP ProDesk 400,5,41.95,34.71,10,0
AST-3374,desktop,Dell OptiPlex 7000,63,63.97,53.62,5,0
AST-3375,desktop,Dell OptiPlex 7000,35,58.34,60.65,5,0
AST-3376,desktop,HP ProDesk 400,37,53.29,52.56,6,0
AST-3377,laptop,Dell Latitude 5440,49,66.8,43.28,7,0
AST-3378,laptop,HP EliteBook 840,48,83.44,54.95,3,5
AST-3379,desktop,Dell OptiPlex 7000,72,56.53,52.44,5,0
AST-3380,desktop,HP ProDesk 400,3,43.57,32.36,9,0
AST-3381,laptop,Dell Latitude 5440,67,78.36,66.7,1,3
AST-3382,laptop,Dell Latitude 5440,31,64.2,38.62,7,0
AST-3383,desktop,Dell OptiPlex 7000,49,70.65,86.07,1,3
AST-3384,desktop,HP ProDesk 400,40,61.1,46.7,7,0
AST-3385,desktop,HP ProDesk 400,72,70.57,74.0,1,5
AST-3386,laptop,Dell Latitude 5440,22,46.85,27.57,9,0
AST-3387,laptop,Dell Latitude 5440,2,47.45,27.48,9,0
AST-3388,desktop,Dell OptiPlex 7000,43,58.11,43.73,6,0
AST-3389,laptop,Dell Latitude 5440,18,47.94,22.72,10,0
AST-3390,laptop,HP EliteBook 840,47,80.42,52.02,3,2
AST-3391,desktop,HP ProDesk 400,38,55.89,62.3,7,1
AST-3392,laptop,HP EliteBook 840,40,69.12,50.61,7,1
AST-3393,desktop,HP ProDesk 400,28,56.71,46.17,6,0
AST-3394,desktop,Dell OptiPlex 7000,16,41.54,35.13,10,0
AST-3395,laptop,Dell Latitude 5440,23,60.09,35.84,7,0
AST-3396,desktop,HP ProDesk 400,63,81.75,84.67,1,4
AST-3397,desktop,HP ProDesk 400,21,38.97,30.15,10,0
AST-3398,laptop,HP EliteBook 840,1,47.39,29.39,9,0
AST-3399,desktop,HP ProDesk 400,32,60.6,46.29,5,0
AST-3400,laptop,HP EliteBook 840,21,48.81,25.57,10,0
AST-3401,desktop,Dell OptiPlex 7000,69,69.84,84.95,3,3
AST-3402,desktop,HP ProDesk 400,57,85.15,82.18,2,2
AST-3403,desktop,Dell OptiPlex 7000,33,60.62,52.03,5,1
AST-3404,desktop,HP ProDesk 400,9,38.43,33.44,9,0
AST-3405,desktop,HP ProDesk 400,61,75.0,70.88,3,3
AST-3406,laptop,HP EliteBook 840,20,48.77,28.24,9,0
AST-3407,desktop,HP ProDesk 400,70,41.08,31.02,10,0
AST-3408,laptop,HP EliteBook 840,38,82.62,62.41,3,6
AST-3409,desktop,HP ProDesk 400,19,41.62,35.07,9,0
AST-3410,desktop,Dell OptiPlex 7000,61,76.86,78.3,1,4
AST-3411,laptop,HP EliteBook 840,60,84.89,56.22,2,5
AST-3412,laptop,HP EliteBook 840,33,87.77,64.57,1,4
AST-3413,desktop,Dell OptiPlex 7000,47,59.85,53.61,6,0
AST-3414,desktop,Dell OptiPlex 7000,34,57.92,51.6,7,0
AST-3415,desktop,Dell OptiPlex 7000,44,60.61,48.64,7,0
AST-3416,laptop,HP EliteBook 840,49,66.8,37.46,7,0
AST-3417,laptop,Dell Latitude 5440,30,64.3,41.49,7,0
AST-3418,desktop,Dell OptiPlex 7000,15,43.06,34.14,9,0
AST-3419,desktop,Dell OptiPlex 7000,24,61.71,55.49,7,0
AST-3420,desktop,HP ProDesk 400,33,57.45,58.34,5,0
AST-3421,laptop,HP EliteBook 840,70,80.65,64.78,2,2
AST-3422,desktop,Dell OptiPlex 7000,14,40.77,35.73,9,0
AST-3423,laptop,HP EliteBook 840,72,84.12,50.15,3,4
AST-3424,laptop,Dell Latitude 5440,33,46.22,29.43,10,0
AST-3425,desktop,Dell OptiPlex 7000,22,41.37,36.38,10,0
AST-3426,laptop,HP EliteBook 840,50,85.95,57.06,1,2
AST-3427,laptop,HP EliteBook 840,34,65.98,40.76,6,0
AST-3428,desktop,HP ProDesk 400,12,42.56,34.69,10,0
AST-3429,desktop,Dell OptiPlex 7000,41,41.31,37.58,9,0
AST-3430,laptop,HP EliteBook 840,56,66.84,48.49,7,0
AST-3431,desktop,HP ProDesk 400,7,40.62,34.86,10,0
AST-3432,desktop,Dell OptiPlex 7000,17,41.85,32.01,9,0
AST-3433,laptop,Dell Latitude 5440,24,48.21,26.32,9,0
AST-3434,laptop,HP EliteBook 840,4,44.27,29.01,9,0
AST-3435,desktop,Dell OptiPlex 7000,47,61.09,48.25,7,1
AST-3436,laptop,HP EliteBook 840,30,46.1,29.91,9,0
AST-3437,desktop,HP ProDesk 400,70,74.75,79.9,2,2
AST-3438,laptop,Dell Latitude 5440,3,46.82,28.47,9,0
AST-3439,laptop,Dell Latitude 5440,28,46.98,25.72,10,0
AST-3440,laptop,Dell Latitude 5440,1,46.71,27.72,9,0
AST-3441,laptop,HP EliteBook 840,28,82.36,71.35,2,4
AST-3442,laptop,HP EliteBook 840,48,85.8,55.16,1,5
AST-3443,desktop,HP ProDesk 400,66,78.76,71.61,1,2
AST-3444,desktop,HP ProDesk 400,71,72.38,70.43,2,2
AST-3445,desktop,HP ProDesk 400,8,58.25,55.26,6,1
AST-3446,desktop,HP ProDesk 400,38,78.78,83.71,1,2
AST-3447,laptop,HP EliteBook 840,40,63.48,35.45,7,0
AST-3448,desktop,Dell OptiPlex 7000,33,62.05,50.25,7,0
AST-3449,laptop,HP EliteBook 840,43,47.34,25.75,10,0
AST-3450,laptop,Dell Latitude 5440,64,81.55,63.98,3,6
AST-3451,laptop,Dell Latitude 5440,37,66.78,42.45,6,0
AST-3452,laptop,HP EliteBook 840,42,64.3,38.91,5,0
AST-3453,desktop,HP ProDesk 400,53,77.56,71.77,2,6
AST-3454,laptop,Dell Latitude 5440,59,67.51,37.62,7,0
AST-3455,laptop,HP EliteBook 840,60,87.03,55.97,3,5
AST-3456,laptop,Dell Latitude 5440,52,50.28,29.13,9,0
AST-3457,laptop,Dell Latitude 5440,43,62.22,44.05,6,0
AST-3458,laptop,HP EliteBook 840,10,45.39,27.78,9,0
AST-3459,laptop,Dell Latitude 5440,7,48.7,27.56,9,0
AST-3460,laptop,HP EliteBook 840,62,66.65,34.46,5,0
AST-3461,desktop,Dell OptiPlex 7000,51,71.36,79.95,1,2
AST-3462,desktop,Dell OptiPlex 7000,47,65.52,49.9,7,0
AST-3463,desktop,HP ProDesk 400,31,60.41,60.6,6,0
AST-3464,desktop,HP ProDesk 400,64,73.93,75.08,1,4
AST-3465,desktop,Dell OptiPlex 7000,58,75.56,69.0,2,5
AST-3466,desktop,HP ProDesk 400,43,62.98,52.39,5,0
AST-3467,desktop,Dell OptiPlex 7000,2,41.83,38.99,9,0
AST-3468,laptop,Dell Latitude 5440,2,46.73,26.69,10,0
AST-3469,laptop,Dell Latitude 5440,48,85.24,57.27,3,6
AST-3470,desktop,Dell OptiPlex 7000,6,40.35,31.9,9,0
AST-3471,desktop,Dell OptiPlex 7000,14,56.96,54.45,7,0
AST-3472,desktop,HP ProDesk 400,26,40.79,31.68,10,0
AST-3473,desktop,HP ProDesk 400,12,40.88,33.31,9,0
AST-3474,desktop,Dell OptiPlex 7000,13,39.43,34.75,10,0
AST-3475,desktop,Dell OptiPlex 7000,13,69.65,77.12,2,6
AST-3476,laptop,HP EliteBook 840,45,47.14,25.5,9,0
AST-3477,laptop,Dell Latitude 5440,26,64.2,37.01,5,0
AST-3478,desktop,Dell OptiPlex 7000,14,61.78,47.38,5,1
AST-3479,desktop,HP ProDesk 400,12,43.28,32.98,10,0
AST-3480,laptop,HP EliteBook 840,33,64.16,41.66,5,1
AST-3481,laptop,Dell Latitude 5440,46,66.33,37.97,7,0
AST-3482,laptop,HP EliteBook 840,1,48.82,24.54,9,0
AST-3483,laptop,Dell Latitude 5440,45,71.39,35.12,6,1
AST-3484,laptop,HP EliteBook 840,47,66.26,38.92,6,0
AST-3485,desktop,Dell OptiPlex 7000,34,80.42,69.12,2,5
AST-3486,desktop,Dell OptiPlex 7000,14,43.13,37.98,9,0
AST-3487,laptop,Dell Latitude 5440,53,68.42,38.82,7,0
AST-3488,desktop,HP ProDesk 400,48,77.75,68.89,3,3
AST-3489,desktop,HP ProDesk 400,62,80.4,81.02,1,2
AST-3490,laptop,Dell Latitude 5440,40,71.52,41.87,7,0
AST-3491,laptop,Dell Latitude 5440,43,60.95,40.52,7,0
AST-3492,laptop,Dell Latitude 5440,61,62.95,46.2,6,0
AST-3493,laptop,HP EliteBook 840,1,46.96,26.35,10,0
AST-3494,laptop,HP EliteBook 840,21,49.06,28.82,9,0
AST-3495,laptop,Dell Latitude 5440,35,67.52,42.13,7,0
AST-3496,desktop,Dell OptiPlex 7000,10,38.89,36.14,10,0
AST-3497,desktop,Dell OptiPlex 7000,63,58.07,53.16,6,0
AST-3498,laptop,Dell Latitude 5440,13,64.83,41.87,7,0
AST-3499,desktop,HP ProDesk 400,38,81.46,72.09,3,5
AST-3500,laptop,HP EliteBook 840,46,68.02,34.69,6,0
AST-3501,laptop,HP EliteBook 840,46,65.19,39.33,7,0
AST-3502,desktop,HP ProDesk 400,45,63.23,43.44,6,0
AST-3503,desktop,HP ProDesk 400,13,42.36,35.42,9,0
AST-3504,laptop,HP EliteBook 840,13,47.47,29.15,9,0
AST-3505,desktop,Dell OptiPlex 7000,27,38.98,36.16,10,0
AST-3506,laptop,Dell Latitude 5440,53,89.28,62.95,3,6
AST-3507,desktop,HP ProDesk 400,57,70.07,79.12,3,3
AST-3508,desktop,HP ProDesk 400,0,58.57,52.26,6,0
AST-3509,laptop,Dell Latitude 5440,65,84.63,47.58,3,6
AST-3510,desktop,HP ProDesk 400,16,43.25,37.22,10,0
AST-3511,laptop,HP EliteBook 840,53,93.53,58.79,1,4
AST-3512,laptop,HP EliteBook 840,43,87.9,59.29,1,3
AST-3513,laptop,Dell Latitude 5440,65,80.15,69.39,2,6
AST-3514,desktop,Dell OptiPlex 7000,25,42.09,38.83,10,0
AST-3515,desktop,Dell OptiPlex 7000,22,39.19,34.91,10,0
AST-3516,laptop,HP EliteBook 840,45,61.83,39.23,7,0
AST-3517,laptop,Dell Latitude 5440,54,84.68,53.69,1,5
AST-3518,laptop,HP EliteBook 840,6,80.9,56.99,1,4
AST-3519,desktop,Dell OptiPlex 7000,18,42.72,31.76,10,0
AST-3520,desktop,Dell OptiPlex 7000,69,85.48,79.22,1,6
AST-3521,desktop,Dell OptiPlex 7000,71,71.92,81.61,3,4
AST-3522,laptop,Dell Latitude 5440,48,72.97,70.26,3,4
AST-3523,laptop,Dell Latitude 5440,1,47.46,25.82,10,0
AST-3524,desktop,Dell OptiPlex 7000,47,59.62,47.47,7,0
AST-3525,desktop,Dell OptiPlex 7000,37,51.35,56.12,5,0
AST-3526,laptop,HP EliteBook 840,65,83.55,61.68,2,6
AST-3527,laptop,HP EliteBook 840,16,49.04,31.6,9,0
AST-3528,laptop,Dell Latitude 5440,59,65.06,39.0,5,1
AST-3529,desktop,HP ProDesk 400,38,55.59,52.81,6,0
AST-3530,laptop,Dell Latitude 5440,67,83.1,64.26,1,6
AST-3531,desktop,Dell OptiPlex 7000,53,71.6,75.37,2,3
AST-3532,desktop,HP ProDesk 400,42,74.47,81.37,3,6
AST-3533,laptop,HP EliteBook 840,71,88.79,45.37,1,2
AST-3534,laptop,Dell Latitude 5440,57,82.93,69.09,3,3
AST-3535,desktop,HP ProDesk 400,41,69.95,84.26,1,5
AST-3536,laptop,HP EliteBook 840,69,82.32,59.18,3,4
AST-3537,desktop,Dell OptiPlex 7000,62,65.67,54.83,5,0
AST-3538,desktop,Dell OptiPlex 7000,12,43.36,40.43,9,0
AST-3539,laptop,Dell Latitude 5440,26,46.26,23.72,10,0
AST-3540,desktop,Dell OptiPlex 7000,26,68.93,74.8,3,5
AST-3541,laptop,Dell Latitude 5440,19,49.86,28.09,9,0
AST-3542,laptop,Dell Latitude 5440,9,50.01,28.99,9,0
AST-3543,laptop,Dell Latitude 5440,33,62.75,43.65,6,0
AST-3544,laptop,Dell Latitude 5440,49,79.63,53.92,3,6
AST-3545,laptop,HP EliteBook 840,5,47.32,26.58,9,0
AST-3546,desktop,HP ProDesk 400,38,40.54,33.74,10,0
AST-3547,desktop,Dell OptiPlex 7000,50,77.05,75.65,1,6
AST-3548,laptop,Dell Latitude 5440,17,47.45,23.04,10,0
AST-3549,laptop,Dell Latitude 5440,38,62.57,33.29,7,0
AST-3550,laptop,HP EliteBook 840,70,84.45,58.15,1,2
AST-3551,laptop,Dell Latitude 5440,68,80.48,59.76,1,4
AST-3552,laptop,Dell Latitude 5440,52,90.6,53.95,1,3
AST-3553,desktop,Dell OptiPlex 7000,28,57.8,50.45,5,0
AST-3554,desktop,HP ProDesk 400,70,70.37,78.83,2,2
AST-3555,laptop,HP EliteBook 840,12,48.14,30.62,10,0
AST-3556,desktop,Dell OptiPlex 7000,16,40.98,33.39,10,0
AST-3557,laptop,Dell Latitude 5440,24,46.82,29.99,10,0
AST-3558,laptop,Dell Latitude 5440,72,74.21,56.06,2,3
AST-3559,desktop,HP ProDesk 400,40,59.55,55.33,7,0
AST-3560,desktop,HP ProDesk 400,46,62.74,57.36,6,0
AST-3561,desktop,HP ProDesk 400,39,40.78,35.1,9,0
AST-3562,laptop,Dell Latitude 5440,17,48.27,26.46,9,0
AST-3563,laptop,Dell Latitude 5440,2,48.74,24.64,10,0
AST-3564,desktop,Dell OptiPlex 7000,4,39.72,34.0,10,0
AST-3565,desktop,HP ProDesk 400,46,54.57,57.77,7,0
AST-3566,laptop,HP EliteBook 840,17,45.75,28.16,10,0
AST-3567,laptop,Dell Latitude 5440,64,86.19,60.79,3,3
AST-3568,laptop,HP EliteBook 840,57,85.99,67.03,3,3
AST-3569,desktop,HP ProDesk 400,45,64.42,54.2,5,0
AST-3570,laptop,HP EliteBook 840,29,67.47,41.97,6,0
AST-3571,laptop,HP EliteBook 840,5,49.6,28.4,9,0
AST-3572,laptop,HP EliteBook 840,33,62.07,38.79,6,0
AST-3573,laptop,HP EliteBook 840,9,46.05,27.25,9,0
AST-3574,desktop,Dell OptiPlex 7000,45,60.63,49.14,6,1
AST-3575,desktop,HP ProDesk 400,64,80.47,72.64,1,2
AST-3576,laptop,Dell Latitude 5440,27,48.01,28.68,9,0
AST-3577,desktop,HP ProDesk 400,53,79.49,68.12,2,5
AST-3578,desktop,Dell OptiPlex 7000,26,55.85,49.38,6,0
AST-3579,desktop,Dell OptiPlex 7000,16,40.7,34.34,9,0
AST-3580,laptop,Dell Latitude 5440,7,49.2,32.39,10,0
AST-3581,laptop,HP EliteBook 840,36,85.8,59.14,3,5
AST-3582,laptop,Dell Latitude 5440,21,47.8,30.02,9,0
AST-3583,laptop,Dell Latitude 5440,65,81.77,70.09,2,5
AST-3584,desktop,HP ProDesk 400,29,58.35,53.98,5,0
AST-3585,desktop,Dell OptiPlex 7000,19,40.76,34.04,9,0
AST-3586,desktop,HP ProDesk 400,11,40.71,35.15,9,0
AST-3587,desktop,Dell OptiPlex 7000,66,54.13,56.4,7,0
AST-3588,desktop,Dell OptiPlex 7000,61,60.22,48.7,7,0
AST-3589,desktop,Dell OptiPlex 7000,54,61.78,55.9,5,1
AST-3590,desktop,Dell OptiPlex 7000,36,39.97,33.19,10,0
AST-3591,desktop,Dell OptiPlex 7000,0,40.83,30.73,9,0
AST-3592,laptop,Dell Latitude 5440,48,62.92,36.21,6,0
AST-3593,laptop,HP EliteBook 840,19,45.72,28.99,10,0
AST-3594,laptop,Dell Latitude 5440,72,79.83,64.1,3,5
AST-3595,desktop,HP ProDesk 400,52,70.45,74.54,1,4
AST-3596,laptop,Dell Latitude 5440,32,69.43,40.87,7,0
AST-3597,laptop,Dell Latitude 5440,15,47.48,24.78,9,0
AST-3598,desktop,Dell OptiPlex 7000,27,38.87,34.77,9,0
AST-3599,laptop,HP EliteBook 840,49,65.8,41.16,5,0
AST-3600,laptop,Dell Latitude 5440,55,67.49,42.89,6,0
AST-3601,desktop,Dell OptiPlex 7000,49,62.25,50.79,7,0
AST-3602,desktop,HP ProDesk 400,22,40.47,32.93,9,0
AST-3603,laptop,Dell Latitude 5440,24,49.48,28.21,9,0
AST-3604,laptop,Dell Latitude 5440,4,46.11,30.31,9,0
AST-3605,desktop,Dell OptiPlex 7000,35,60.02,48.83,6,0
AST-3606,laptop,HP EliteBook 840,66,70.16,41.85,5,0
AST-3607,laptop,HP EliteBook 840,44,67.85,40.51,7,1
AST-3608,desktop,Dell OptiPlex 7000,51,73.03,74.88,2,6
AST-3609,laptop,HP EliteBook 840,71,86.25,62.7,1,6
AST-3610,desktop,HP ProDesk 400,68,61.02,47.67,7,0
AST-3611,laptop,HP EliteBook 840,72,78.79,60.96,2,5
AST-3612,desktop,Dell OptiPlex 7000,3,40.35,35.22,10,0
AST-3613,desktop,Dell OptiPlex 7000,29,41.98,32.55,10,0
AST-3614,laptop,HP EliteBook 840,33,65.51,43.02,7,0
AST-3615,laptop,HP EliteBook 840,9,63.73,40.41,6,0
AST-3616,laptop,HP EliteBook 840,23,49.65,26.26,9,0
AST-3617,desktop,Dell OptiPlex 7000,25,59.71,55.46,6,0
AST-3618,laptop,Dell Latitude 5440,31,66.95,38.04,5,0
AST-3619,desktop,HP ProDesk 400,63,70.08,70.31,3,2
AST-3620,laptop,HP EliteBook 840,47,46.23,25.5,10,0
AST-3621,laptop,HP EliteBook 840,23,50.82,26.96,10,0
AST-3622,laptop,HP EliteBook 840,28,65.5,39.15,7,0
AST-3623,desktop,HP ProDesk 400,69,81.02,78.13,3,3
AST-3624,desktop,Dell OptiPlex 7000,15,40.97,32.37,9,0
AST-3625,desktop,HP ProDesk 400,26,58.5,53.77,6,0
AST-3626,laptop,HP EliteBook 840,23,46.45,26.95,10,0
AST-3627,desktop,HP ProDesk 400,46,60.77,56.34,6,0
AST-3628,laptop,Dell Latitude 5440,46,48.24,25.89,9,0
AST-3629,desktop,HP ProDesk 400,29,61.38,46.62,5,0
AST-3630,laptop,Dell Latitude 5440,25,70.12,49.28,5,0
AST-3631,desktop,HP ProDesk 400,22,40.79,35.64,10,0
AST-3632,laptop,Dell Latitude 5440,38,65.46,49.16,5,0
AST-3633,laptop,HP EliteBook 840,7,47.75,29.37,9,0
AST-3634,laptop,HP EliteBook 840,42,47.41,29.86,10,0
AST-3635,desktop,Dell OptiPlex 7000,2,40.31,36.22,9,0
AST-3636,desktop,HP ProDesk 400,36,56.75,57.22,6,0
AST-3637,desktop,Dell OptiPlex 7000,10,40.6,36.4,9,0
AST-3638,laptop,Dell Latitude 5440,43,61.86,43.85,6,0
AST-3639,desktop,HP ProDesk 400,10,42.07,36.53,10,0
AST-3640,laptop,HP EliteBook 840,34,46.31,25.96,10,0
AST-3641,desktop,Dell OptiPlex 7000,66,81.55,75.67,1,2
AST-3642,laptop,Dell Latitude 5440,30,45.63,22.45,9,0
AST-3643,laptop,Dell Latitude 5440,21,46.96,28.18,10,0
AST-3644,laptop,Dell Latitude 5440,3,47.74,24.48,9,0
AST-3645,laptop,Dell Latitude 5440,33,64.57,40.12,6,0
AST-3646,desktop,Dell OptiPlex 7000,36,58.04,53.23,7,0
AST-3647,desktop,HP ProDesk 400,4,39.96,30.75,10,0
AST-3648,laptop,HP EliteBook 840,59,88.66,59.33,2,6
AST-3649,desktop,HP ProDesk 400,17,43.78,34.26,9,0
AST-3650,desktop,HP ProDesk 400,72,55.57,54.77,7,0
AST-3651,laptop,HP EliteBook 840,61,73.74,57.83,2,4
AST-3652,laptop,Dell Latitude 5440,52,82.24,65.59,1,6
AST-3653,laptop,HP EliteBook 840,44,64.65,46.07,7,1
AST-3654,laptop,Dell Latitude 5440,38,68.68,41.49,6,0
AST-3655,desktop,Dell OptiPlex 7000,70,57.33,55.44,7,0
AST-3656,desktop,Dell OptiPlex 7000,20,41.03,31.48,10,0
AST-3657,desktop,HP ProDesk 400,33,63.19,55.18,7,0
AST-3658,desktop,Dell OptiPlex 7000,36,57.3,48.54,6,0
AST-3659,desktop,HP ProDesk 400,23,41.97,35.91,10,0
AST-3660,desktop,Dell OptiPlex 7000,34,58.43,48.07,6,0
AST-3661,laptop,Dell Latitude 5440,68,95.76,62.73,2,4
AST-3662,desktop,HP ProDesk 400,56,75.98,72.68,1,2
AST-3663,desktop,HP ProDesk 400,27,40.79,36.81,10,0
AST-3664,desktop,Dell OptiPlex 7000,59,59.25,51.54,5,0
AST-3665,desktop,Dell OptiPlex 7000,7,41.35,37.48,10,0
AST-3666,laptop,Dell Latitude 5440,24,48.4,26.34,10,0
AST-3667,laptop,HP EliteBook 840,15,49.85,26.87,10,0
AST-3668,laptop,Dell Latitude 5440,31,47.47,26.85,10,0
AST-3669,laptop,HP EliteBook 840,66,64.47,38.89,6,0
AST-3670,laptop,HP EliteBook 840,41,48.82,30.89,9,0
AST-3671,laptop,Dell Latitude 5440,61,80.35,57.45,1,3
AST-3672,laptop,HP EliteBook 840,30,46.61,25.86,9,0
AST-3673,desktop,HP ProDesk 400,15,40.61,36.14,9,0
AST-3674,desktop,HP ProDesk 400,19,41.05,35.78,9,0
AST-3675,desktop,Dell OptiPlex 7000,11,74.72,71.98,3,2
AST-3676,laptop,Dell Latitude 5440,45,46.07,24.44,9,0
AST-3677,desktop,HP ProDesk 400,62,78.04,93.87,3,4
AST-3678,desktop,HP ProDesk 400,24,81.33,77.78,3,3
AST-3679,desktop,HP ProDesk 400,5,39.9,35.25,10,0
AST-3680,laptop,HP EliteBook 840,24,62.07,39.21,6,0
AST-3681,desktop,HP ProDesk 400,70,61.47,56.66,6,0
AST-3682,desktop,Dell OptiPlex 7000,69,59.42,52.61,7,0
AST-3683,laptop,HP EliteBook 840,2,46.46,25.87,9,0
AST-3684,desktop,HP ProDesk 400,8,57.47,48.33,6,0
AST-3685,laptop,Dell Latitude 5440,70,84.81,64.53,2,4
AST-3686,laptop,Dell Latitude 5440,12,46.95,27.37,9,0
AST-3687,desktop,Dell OptiPlex 7000,4,42.01,37.75,9,0
AST-3688,laptop,HP EliteBook 840,49,79.16,54.36,3,6
AST-3689,desktop,Dell OptiPlex 7000,6,40.13,37.54,9,0
AST-3690,desktop,Dell OptiPlex 7000,26,55.65,44.88,5,0
AST-3691,desktop,Dell OptiPlex 7000,46,52.89,49.13,6,0
AST-3692,desktop,Dell OptiPlex 7000,34,54.7,51.32,6,0
AST-3693,desktop,Dell OptiPlex 7000,66,63.45,56.18,7,0
AST-3694,desktop,HP ProDesk 400,67,57.35,48.17,5,0
AST-3695,desktop,HP ProDesk 400,13,41.7,31.74,10,0
AST-3696,laptop,HP EliteBook 840,13,47.97,28.87,10,0
AST-3697,laptop,HP EliteBook 840,20,45.52,26.78,10,0
AST-3698,desktop,HP ProDesk 400,70,62.15,52.31,6,0
AST-3699,laptop,HP EliteBook 840,41,62.5,38.01,5,0
AST-3700,laptop,Dell Latitude 5440,46,68.67,40.21,6,0
AST-3701,desktop,Dell OptiPlex 7000,36,40.01,33.29,10,0
AST-3702,desktop,HP ProDesk 400,38,61.58,52.23,6,0
AST-3703,desktop,Dell OptiPlex 7000,70,55.61,52.13,7,0
AST-3704,laptop,Dell Latitude 5440,58,64.49,42.97,6,1
AST-3705,desktop,Dell OptiPlex 7000,29,76.33,82.07,3,5
AST-3706,desktop,HP ProDesk 400,9,41.06,30.62,9,0
AST-3707,laptop,Dell Latitude 5440,12,46.45,26.31,10,0
AST-3708,desktop,HP ProDesk 400,7,42.69,33.94,10,0
AST-3709,laptop,HP EliteBook 840,15,48.24,26.19,9,0
AST-3710,desktop,HP ProDesk 400,6,41.35,35.68,9,0
AST-3711,laptop,HP EliteBook 840,64,81.57,57.22,3,5
AST-3712,desktop,Dell OptiPlex 7000,64,80.99,80.42,2,3
AST-3713,laptop,HP EliteBook 840,43,68.89,43.83,5,0
AST-3714,laptop,Dell Latitude 5440,10,46.21,29.09,9,0
AST-3715,desktop,Dell OptiPlex 7000,61,71.11,74.47,3,6
AST-3716,desktop,Dell OptiPlex 7000,71,70.42,70.48,1,3
AST-3717,desktop,Dell OptiPlex 7000,34,77.24,71.77,3,2
AST-3718,desktop,Dell OptiPlex 7000,52,57.04,54.21,6,0
AST-3719,laptop,HP EliteBook 840,39,66.85,44.49,6,0
AST-3720,laptop,Dell Latitude 5440,5,67.44,39.91,7,0
AST-3721,desktop,HP ProDesk 400,14,41.43,33.14,9,0
AST-3722,desktop,HP ProDesk 400,1,40.0,38.76,10,0
AST-3723,laptop,Dell Latitude 5440,60,85.89,61.09,3,3
AST-3724,laptop,Dell Latitude 5440,69,78.67,59.82,2,6
AST-3725,desktop,HP ProDesk 400,2,39.17,38.81,9,0
AST-3726,desktop,Dell OptiPlex 7000,21,42.43,35.62,10,0
AST-3727,laptop,HP EliteBook 840,59,82.14,59.86,2,4
AST-3728,laptop,Dell Latitude 5440,13,50.49,28.1,10,0
AST-3729,desktop,Dell OptiPlex 7000,48,54.79,52.16,6,0
AST-3730,laptop,Dell Latitude 5440,23,48.74,33.69,9,0
AST-3731,desktop,Dell OptiPlex 7000,31,61.76,50.9,6,0
AST-3732,laptop,Dell Latitude 5440,2,46.7,29.41,10,0
AST-3733,desktop,Dell OptiPlex 7000,64,76.21,79.12,2,5
AST-3734,laptop,Dell Latitude 5440,71,85.89,59.15,2,5
AST-3735,laptop,HP EliteBook 840,11,47.27,24.49,9,0
AST-3736,laptop,HP EliteBook 840,30,62.66,39.38,6,1
AST-3737,desktop,Dell OptiPlex 7000,57,73.22,75.93,1,6
AST-3738,laptop,HP EliteBook 840,17,46.65,31.14,9,0
AST-3739,desktop,HP ProDesk 400,18,40.42,32.32,9,0
AST-3740,laptop,Dell Latitude 5440,8,44.08,25.35,9,0
AST-3741,laptop,HP EliteBook 840,40,66.4,39.35,5,0
AST-3742,laptop,Dell Latitude 5440,52,79.78,69.88,3,4
AST-3743,desktop,Dell OptiPlex 7000,24,61.0,54.09,7,0
AST-3744,laptop,HP EliteBook 840,29,47.54,28.07,9,0
AST-3745,laptop,Dell Latitude 5440,17,45.46,27.45,10,0
AST-3746,laptop,Dell Latitude 5440,49,79.78,60.68,1,3
AST-3747,desktop,Dell OptiPlex 7000,52,76.58,75.96,2,5
AST-3748,laptop,HP EliteBook 840,25,82.59,58.28,2,6
AST-3749,laptop,Dell Latitude 5440,41,69.7,35.04,6,0
AST-3750,desktop,Dell OptiPlex 7000,48,58.94,48.57,7,0
AST-3751,desktop,HP ProDesk 400,66,80.77,81.2,1,3
AST-3752,laptop,Dell Latitude 5440,5,45.81,26.43,9,0
AST-3753,desktop,HP ProDesk 400,37,53.71,55.58,6,0
AST-3754,desktop,HP ProDesk 400,37,41.12,34.45,9,0
AST-3755,desktop,Dell OptiPlex 7000,57,81.47,80.81,1,6
AST-3756,laptop,Dell Latitude 5440,50,77.81,63.9,1,5
AST-3757,laptop,Dell Latitude 5440,58,86.23,63.35,3,3
AST-3758,desktop,Dell OptiPlex 7000,11,42.73,36.8,10,0
AST-3759,laptop,Dell Latitude 5440,67,80.36,51.18,3,6
AST-3760,laptop,Dell Latitude 5440,48,64.65,40.88,5,1
AST-3761,laptop,HP EliteBook 840,20,48.14,26.35,9,0
AST-3762,laptop,HP EliteBook 840,39,46.56,31.48,10,0
AST-3763,laptop,Dell Latitude 5440,23,48.09,28.39,9,0
AST-3764,desktop,Dell OptiPlex 7000,32,43.25,35.22,10,0
AST-3765,desktop,HP ProDesk 400,63,77.01,84.98,2,5
AST-3766,desktop,HP ProDesk 400,56,82.44,80.89,1,6
AST-3767,desktop,Dell OptiPlex 7000,71,77.95,73.3,1,3
AST-3768,laptop,HP EliteBook 840,44,71.23,43.04,7,0
AST-3769,desktop,Dell OptiPlex 7000,42,60.33,51.89,6,1
AST-3770,laptop,HP EliteBook 840,36,45.74,25.04,9,0
AST-3771,desktop,HP ProDesk 400,46,60.71,51.76,6,0
AST-3772,desktop,HP ProDesk 400,8,41.65,30.19,9,0
AST-3773,desktop,HP ProDesk 400,60,81.61,83.91,2,4
AST-3774,desktop,Dell OptiPlex 7000,67,77.35,80.98,1,2
AST-3775,laptop,HP EliteBook 840,61,64.84,35.87,7,0
AST-3776,desktop,Dell OptiPlex 7000,33,36.68,33.71,10,0
AST-3777,laptop,Dell Latitude 5440,72,74.42,60.72,2,5
AST-3778,laptop,HP EliteBook 840,29,63.35,30.49,5,0
AST-3779,laptop,HP EliteBook 840,15,47.42,25.8,10,0
AST-3780,desktop,Dell OptiPlex 7000,5,40.53,37.77,9,0
AST-3781,desktop,HP ProDesk 400,25,58.65,49.65,5,0
AST-3782,laptop,Dell Latitude 5440,0,48.52,28.98,10,0
AST-3783,laptop,HP EliteBook 840,22,48.48,31.95,10,0
AST-3784,laptop,HP EliteBook 840,4,46.45,25.23,10,0
AST-3785,desktop,HP ProDesk 400,59,77.6,70.94,3,2
AST-3786,laptop,Dell Latitude 5440,72,81.82,55.34,3,2
AST-3787,laptop,Dell Latitude 5440,42,67.42,33.28,6,0
AST-3788,laptop,Dell Latitude 5440,35,66.97,38.19,6,0
AST-3789,desktop,Dell OptiPlex 7000,49,77.46,79.76,2,4
AST-3790,desktop,HP ProDesk 400,34,39.99,36.51,9,0
AST-3791,desktop,Dell OptiPlex 7000,57,78.53,72.53,3,4
AST-3792,desktop,Dell OptiPlex 7000,14,41.21,35.49,9,0
AST-3793,laptop,Dell Latitude 5440,56,73.55,60.1,3,3
AST-3794,laptop,HP EliteBook 840,43,49.66,25.63,10,0
AST-3795,desktop,Dell OptiPlex 7000,18,41.58,33.87,9,0
AST-3796,laptop,HP EliteBook 840,4,60.91,42.85,7,0
AST-3797,laptop,HP EliteBook 840,5,46.72,24.4,9,0
AST-3798,desktop,Dell OptiPlex 7000,59,78.29,75.2,3,4
AST-3799,laptop,HP EliteBook 840,39,80.29,57.35,1,3
AST-3800,laptop,Dell Latitude 5440,35,60.44,39.86,7,0
AST-3801,desktop,Dell OptiPlex 7000,20,41.46,35.43,9,0
AST-3802,laptop,Dell Latitude 5440,69,79.92,64.74,1,4
AST-3803,desktop,HP ProDesk 400,21,43.36,36.49,10,0
AST-3804,laptop,Dell Latitude 5440,6,48.66,29.56,9,0
AST-3805,laptop,HP EliteBook 840,49,87.47,62.6,1,6
AST-3806,laptop,Dell Latitude 5440,45,78.97,70.72,3,6
AST-3807,desktop,Dell OptiPlex 7000,59,74.49,75.91,3,5
AST-3808,desktop,Dell OptiPlex 7000,58,73.84,85.01,2,5
AST-3809,desktop,HP ProDesk 400,28,43.47,39.17,10,0
AST-3810,laptop,HP EliteBook 840,50,87.04,72.74,2,4
AST-3811,laptop,HP EliteBook 840,62,88.08,61.79,2,5
AST-3812,desktop,Dell OptiPlex 7000,21,41.22,37.27,9,0
AST-3813,laptop,Dell Latitude 5440,51,86.18,50.74,2,6
AST-3814,laptop,Dell Latitude 5440,38,62.53,40.42,6,0
AST-3815,desktop,Dell OptiPlex 7000,70,79.6,82.79,1,4
AST-3816,desktop,Dell OptiPlex 7000,55,77.64,70.73,2,6
AST-3817,desktop,Dell OptiPlex 7000,22,41.18,34.14,10,0
AST-3818,laptop,HP EliteBook 840,59,64.88,42.86,6,0
AST-3819,laptop,HP EliteBook 840,8,45.64,25.3,10,0
AST-3820,desktop,Dell OptiPlex 7000,63,75.41,75.31,1,3
AST-3821,laptop,HP EliteBook 840,18,46.62,25.17,10,0
AST-3822,desktop,HP ProDesk 400,57,79.03,85.55,2,4
AST-3823,laptop,Dell Latitude 5440,55,80.27,47.45,1,6
AST-3824,laptop,HP EliteBook 840,65,80.35,62.27,2,2
AST-3825,laptop,Dell Latitude 5440,70,82.7,60.45,3,4
AST-3826,laptop,HP EliteBook 840,36,66.96,39.06,7,0
AST-3827,desktop,HP ProDesk 400,48,72.06,80.57,1,3
AST-3828,laptop,HP EliteBook 840,17,48.06,29.78,10,0
AST-3829,desktop,Dell OptiPlex 7000,19,40.77,39.93,9,0
AST-3830,laptop,HP EliteBook 840,1,47.74,27.69,10,0
AST-3831,laptop,HP EliteBook 840,17,49.35,29.32,10,0
AST-3832,laptop,HP EliteBook 840,54,63.14,38.17,6,0
AST-3833,desktop,HP ProDesk 400,49,58.32,54.52,7,0
AST-3834,laptop,Dell Latitude 5440,30,64.94,38.17,7,0
AST-3835,laptop,HP EliteBook 840,4,45.37,25.88,9,0
AST-3836,desktop,HP ProDesk 400,10,43.03,38.16,10,0
AST-3837,desktop,HP ProDesk 400,66,85.76,82.95,1,3
AST-3838,laptop,Dell Latitude 5440,9,46.75,24.65,10,0
AST-3839,desktop,HP ProDesk 400,43,59.07,52.37,6,0
AST-3840,desktop,HP ProDesk 400,42,38.15,38.03,10,0
AST-3841,desktop,HP ProDesk 400,21,44.81,36.25,10,0
AST-3842,desktop,HP ProDesk 400,7,40.14,32.62,9,0
AST-3843,laptop,HP EliteBook 840,3,65.21,42.87,7,0
AST-3844,desktop,Dell OptiPlex 7000,32,42.32,36.5,10,0
AST-3845,laptop,HP EliteBook 840,14,44.88,24.17,9,0
AST-3846,laptop,HP EliteBook 840,47,47.91,25.68,9,0
AST-3847,desktop,Dell OptiPlex 7000,23,79.54,65.63,2,2
AST-3848,laptop,HP EliteBook 840,19,48.81,23.94,10,0
AST-3849,laptop,HP EliteBook 840,30,62.93,35.8,5,0
AST-3850,laptop,Dell Latitude 5440,6,45.92,24.23,9,0
AST-3851,desktop,Dell OptiPlex 7000,21,39.84,35.64,10,0
AST-3852,laptop,HP EliteBook 840,48,64.29,37.61,6,0
AST-3853,desktop,HP ProDesk 400,1,40.85,39.33,10,0
AST-3854,desktop,HP ProDesk 400,67,59.14,51.44,7,0
AST-3855,laptop,HP EliteBook 840,34,46.9,29.2,9,0
AST-3856,desktop,Dell OptiPlex 7000,50,55.13,53.95,5,0
AST-3857,laptop,Dell Latitude 5440,66,78.5,68.34,1,4
AST-3858,laptop,Dell Latitude 5440,1,47.61,27.16,9,0
AST-3859,laptop,Dell Latitude 5440,57,62.63,46.42,6,0
AST-3860,laptop,Dell Latitude 5440,11,49.39,28.67,9,0
AST-3861,desktop,Dell OptiPlex 7000,15,43.25,36.76,10,0
AST-3862,desktop,Dell OptiPlex 7000,14,41.12,33.2,10,0
AST-3863,laptop,HP EliteBook 840,58,86.06,58.25,2,4
AST-3864,laptop,HP EliteBook 840,20,47.73,25.52,9,0
AST-3865,desktop,HP ProDesk 400,49,75.63,78.83,2,3
AST-3866,desktop,Dell OptiPlex 7000,8,38.06,35.3,10,0
AST-3867,desktop,Dell OptiPlex 7000,62,62.41,55.64,6,0
AST-3868,laptop,HP EliteBook 840,56,82.0,57.76,1,2
AST-3869,desktop,Dell OptiPlex 7000,57,82.33,77.83,3,2
AST-3870,desktop,Dell OptiPlex 7000,49,75.7,86.26,2,6
AST-3871,laptop,Dell Latitude 5440,65,64.14,34.62,6,0
AST-3872,laptop,Dell Latitude 5440,69,83.24,66.34,3,5
AST-3873,desktop,HP ProDesk 400,72,61.42,72.92,2,4
AST-3874,laptop,HP EliteBook 840,7,44.95,22.84,9,0
AST-3875,desktop,HP ProDesk 400,68,61.15,49.6,6,0
AST-3876,desktop,HP ProDesk 400,25,59.88,53.51,6,0
AST-3877,desktop,Dell OptiPlex 7000,49,82.12,71.87,2,5
AST-3878,desktop,Dell OptiPlex 7000,56,59.35,50.31,5,0
AST-3879,laptop,HP EliteBook 840,62,61.43,45.82,7,0
AST-3880,desktop,HP ProDesk 400,2,42.0,35.2,9,0
AST-3881,laptop,Dell Latitude 5440,15,48.02,31.04,10,0
AST-3882,laptop,HP EliteBook 840,29,47.87,27.19,9,0
AST-3883,laptop,Dell Latitude 5440,2,44.2,28.51,9,0
AST-3884,desktop,Dell OptiPlex 7000,16,43.61,35.32,10,0
AST-3885,desktop,Dell OptiPlex 7000,58,55.14,47.61,5,0
AST-3886,laptop,Dell Latitude 5440,14,44.81,27.58,9,0
AST-3887,desktop,HP ProDesk 400,25,39.05,37.04,10,0
AST-3888,laptop,HP EliteBook 840,15,49.44,27.01,9,0
AST-3889,desktop,Dell OptiPlex 7000,27,41.68,31.66,10,0
AST-3890,desktop,HP ProDesk 400,15,41.12,39.16,9,0
AST-3891,laptop,Dell Latitude 5440,70,84.4,64.36,3,2
AST-3892,laptop,Dell Latitude 5440,12,48.04,24.08,10,0
AST-3893,laptop,Dell Latitude 5440,2,47.95,26.8,9,0
AST-3894,laptop,HP EliteBook 840,11,46.96,24.27,10,0
AST-3895,laptop,HP EliteBook 840,60,64.78,38.71,7,0
AST-3896,desktop,Dell OptiPlex 7000,52,59.63,54.97,7,0
AST-3897,desktop,HP ProDesk 400,63,74.86,75.33,2,4
AST-3898,laptop,HP EliteBook 840,0,46.58,26.92,9,0
AST-3899,desktop,HP ProDesk 400,69,56.15,52.29,7,0
AST-3900,laptop,HP EliteBook 840,6,48.43,31.69,10,0
AST-3901,laptop,HP EliteBook 840,22,49.32,32.27,9,0
AST-3902,desktop,Dell OptiPlex 7000,36,41.79,36.84,10,0
AST-3903,laptop,Dell Latitude 5440,13,47.29,21.82,9,0
AST-3904,laptop,HP EliteBook 840,3,46.76,27.62,9,0
AST-3905,desktop,Dell OptiPlex 7000,41,55.16,55.73,6,0
AST-3906,desktop,HP ProDesk 400,41,59.81,55.41,6,1
AST-3907,laptop,Dell Latitude 5440,28,69.06,43.61,5,1
AST-3908,desktop,HP ProDesk 400,27,62.47,50.57,6,0
AST-3909,desktop,Dell OptiPlex 7000,24,53.98,44.46,5,0
AST-3910,laptop,HP EliteBook 840,72,85.02,61.69,2,5
AST-3911,laptop,Dell Latitude 5440,21,47.57,25.74,10,0
AST-3912,desktop,Dell OptiPlex 7000,21,39.82,33.51,9,0
AST-3913,laptop,HP EliteBook 840,52,86.11,55.06,1,6
AST-3914,laptop,Dell Latitude 5440,59,81.03,70.05,3,3
AST-3915,desktop,Dell OptiPlex 7000,41,57.55,53.64,7,1
AST-3916,desktop,Dell OptiPlex 7000,53,60.35,52.36,6,0
AST-3917,laptop,HP EliteBook 840,54,76.9,59.17,3,2
AST-3918,desktop,Dell OptiPlex 7000,63,76.88,84.66,1,5
AST-3919,laptop,Dell Latitude 5440,16,46.8,28.94,9,0
AST-3920,laptop,Dell Latitude 5440,61,81.05,57.39,2,6
AST-3921,laptop,Dell Latitude 5440,58,79.84,61.24,3,5
AST-3922,laptop,Dell Latitude 5440,47,62.23,36.79,5,1
AST-3923,desktop,HP ProDesk 400,49,80.03,73.65,1,4
AST-3924,laptop,Dell Latitude 5440,34,64.18,36.03,7,0
AST-3925,laptop,Dell Latitude 5440,42,47.45,26.66,10,0
AST-3926,desktop,HP ProDesk 400,14,40.26,36.88,9,0
AST-3927,desktop,Dell OptiPlex 7000,46,61.24,57.06,5,0
AST-3928,desktop,HP ProDesk 400,17,42.6,34.78,9,0
AST-3929,desktop,HP ProDesk 400,26,59.6,45.73,6,0
AST-3930,desktop,HP ProDesk 400,64,58.47,49.58,5,0
AST-3931,desktop,HP ProDesk 400,62,67.09,76.9,2,6
AST-3932,desktop,Dell OptiPlex 7000,57,70.0,69.59,3,2
AST-3933,desktop,Dell OptiPlex 7000,58,80.75,80.11,1,4
AST-3934,laptop,HP EliteBook 840,13,47.87,28.55,9,0
AST-3935,desktop,HP ProDesk 400,19,42.79,32.86,9,0
AST-3936,desktop,HP ProDesk 400,53,43.34,34.41,9,0
AST-3937,laptop,Dell Latitude 5440,44,75.33,65.22,1,4
AST-3938,laptop,HP EliteBook 840,8,50.17,28.12,10,0
AST-3939,laptop,HP EliteBook 840,43,62.56,35.41,6,0
AST-3940,laptop,HP EliteBook 840,58,64.97,43.26,6,0
AST-3941,laptop,HP EliteBook 840,29,57.57,42.3,5,0
AST-3942,laptop,HP EliteBook 840,58,89.18,58.24,1,6
AST-3943,desktop,Dell OptiPlex 7000,23,44.33,34.2,9,0
AST-3944,laptop,HP EliteBook 840,30,51.05,32.84,9,0
AST-3945,desktop,HP ProDesk 400,33,40.81,36.24,9,0
AST-3946,laptop,HP EliteBook 840,44,48.48,29.69,9,0
AST-3947,laptop,Dell Latitude 5440,15,48.84,26.28,10,0
AST-3948,desktop,HP ProDesk 400,58,79.12,75.47,3,6
AST-3949,desktop,HP ProDesk 400,37,57.05,53.04,7,0
AST-3950,laptop,Dell Latitude 5440,43,63.68,35.23,5,0
AST-3951,laptop,Dell Latitude 5440,39,69.61,42.11,5,0
AST-3952,desktop,HP ProDesk 400,41,43.52,36.21,9,0
AST-3953,desktop,HP ProDesk 400,25,82.65,78.05,2,2
AST-3954,desktop,HP ProDesk 400,24,55.43,52.83,7,1
AST-3955,laptop,HP EliteBook 840,50,88.37,69.93,2,5
AST-3956,laptop,Dell Latitude 5440,1,47.2,29.77,10,0
AST-3957,desktop,HP ProDesk 400,27,41.27,32.32,10,0
AST-3958,laptop,HP EliteBook 840,36,48.75,30.96,10,0
AST-3959,desktop,Dell OptiPlex 7000,17,42.54,32.1,9,0
AST-3960,desktop,Dell OptiPlex 7000,38,38.52,35.8,10,0
AST-3961,desktop,Dell OptiPlex 7000,48,80.86,80.25,2,5
AST-3962,desktop,HP ProDesk 400,71,55.72,53.72,5,0
AST-3963,desktop,HP ProDesk 400,37,58.67,52.11,6,0
AST-3964,desktop,Dell OptiPlex 7000,63,56.38,50.88,5,0
AST-3965,desktop,HP ProDesk 400,33,58.17,57.94,7,0
AST-3966,laptop,Dell Latitude 5440,53,87.18,72.3,3,3
AST-3967,laptop,HP EliteBook 840,15,47.66,24.6,9,0
AST-3968,desktop,Dell OptiPlex 7000,61,67.27,72.16,3,5
AST-3969,desktop,Dell OptiPlex 7000,47,55.59,52.09,6,0
AST-3970,desktop,HP ProDesk 400,18,40.19,39.65,9,0
AST-3971,laptop,HP EliteBook 840,20,68.18,42.49,7,1
AST-3972,desktop,Dell OptiPlex 7000,6,41.04,37.97,9,0
AST-3973,laptop,HP EliteBook 840,23,47.69,24.14,9,0
AST-3974,desktop,HP ProDesk 400,40,42.56,31.63,10,0
AST-3975,laptop,HP EliteBook 840,46,68.76,44.23,5,0
AST-3976,laptop,Dell Latitude 5440,47,66.06,37.2,5,0
AST-3977,laptop,Dell Latitude 5440,64,65.85,43.79,7,0
AST-3978,desktop,HP ProDesk 400,53,74.57,77.59,1,2
AST-3979,laptop,HP EliteBook 840,44,64.43,44.77,6,1
AST-3980,laptop,Dell Latitude 5440,22,47.41,26.92,9,0
AST-3981,laptop,HP EliteBook 840,16,48.02,26.41,9,0
AST-3982,desktop,Dell OptiPlex 7000,16,42.56,41.82,10,0
AST-3983,desktop,Dell OptiPlex 7000,9,43.21,35.34,10,0
AST-3984,laptop,HP EliteBook 840,25,69.65,45.7,7,0
AST-3985,desktop,Dell OptiPlex 7000,15,41.87,34.6,10,0
AST-3986,laptop,Dell Latitude 5440,12,48.18,22.0,9,0
AST-3987,laptop,HP EliteBook 840,23,47.33,26.96,9,0
AST-3988,laptop,Dell Latitude 5440,44,45.73,31.44,9,0
AST-3989,desktop,Dell OptiPlex 7000,12,42.58,31.16,9,0
AST-3990,desktop,Dell OptiPlex 7000,36,61.87,58.41,5,1
AST-3991,desktop,Dell OptiPlex 7000,27,64.64,48.76,6,0
AST-3992,laptop,HP EliteBook 840,56,64.84,39.56,6,1
AST-3993,desktop,Dell OptiPlex 7000,27,56.44,52.13,6,0
AST-3994,desktop,Dell OptiPlex 7000,66,82.07,84.67,3,4
AST-3995,laptop,HP EliteBook 840,10,47.15,28.59,10,0
AST-3996,laptop,HP EliteBook 840,39,78.8,49.88,1,6
AST-3997,desktop,HP ProDesk 400,37,43.08,34.75,9,0
AST-3998,laptop,HP EliteBook 840,47,90.34,80.28,2,2
AST-3999,laptop,HP EliteBook 840,56,75.06,59.22,1,3
AST-4000,desktop,Dell OptiPlex 7000,51,56.7,42.13,7,1
AST-4001,laptop,HP EliteBook 840,8,46.85,28.76,9,0
AST-4002,desktop,HP ProDesk 400,15,41.67,37.61,10,0
AST-4003,laptop,HP EliteBook 840,34,65.71,34.07,6,0
AST-4004,laptop,Dell Latitude 5440,62,79.68,60.26,2,2
AST-4005,desktop,Dell OptiPlex 7000,32,57.33,52.69,5,0
AST-4006,desktop,HP ProDesk 400,8,41.15,35.01,9,0
AST-4007,desktop,HP ProDesk 400,41,61.9,57.07,5,0
AST-4008,laptop,HP EliteBook 840,59,66.81,46.88,6,0
AST-4009,laptop,Dell Latitude 5440,69,70.68,56.22,1,5
AST-4010,laptop,Dell Latitude 5440,49,59.91,43.66,6,0
AST-4011,laptop,HP EliteBook 840,22,73.2,56.35,2,3
AST-4012,desktop,HP ProDesk 400,55,81.76,84.12,2,2
AST-4013,desktop,Dell OptiPlex 7000,70,57.96,47.71,6,0
AST-4014,desktop,HP ProDesk 400,64,80.17,78.61,3,5
AST-4015,desktop,HP ProDesk 400,36,75.99,78.3,1,3
AST-4016,desktop,HP ProDesk 400,44,42.23,31.92,10,0
AST-4017,laptop,HP EliteBook 840,12,43.31,30.89,10,0
AST-4018,laptop,Dell Latitude 5440,7,46.9,25.9,10,0
AST-4019,desktop,Dell OptiPlex 7000,8,42.0,34.1,9,0
AST-4020,desktop,HP ProDesk 400,68,73.94,82.92,2,6
AST-4021,laptop,HP EliteBook 840,34,68.85,41.83,5,1
AST-4022,laptop,Dell Latitude 5440,49,81.5,62.94,2,2
AST-4023,desktop,Dell OptiPlex 7000,43,67.37,77.23,3,4
AST-4024,desktop,Dell OptiPlex 7000,38,73.0,81.86,2,2
AST-4025,laptop,Dell Latitude 5440,36,65.26,44.6,7,0
AST-4026,laptop,HP EliteBook 840,11,47.1,24.28,10,0
AST-4027,laptop,Dell Latitude 5440,8,45.81,26.25,10,0
AST-4028,laptop,HP EliteBook 840,44,66.73,35.68,6,0
AST-4029,laptop,HP EliteBook 840,55,80.26,56.05,2,5
AST-4030,laptop,Dell Latitude 5440,65,60.62,43.22,5,1
AST-4031,desktop,HP ProDesk 400,63,79.45,91.94,3,5
AST-4032,laptop,Dell Latitude 5440,68,67.63,33.95,6,1
AST-4033,laptop,HP EliteBook 840,66,66.52,45.49,5,0
AST-4034,desktop,HP ProDesk 400,55,54.47,56.74,5,0
AST-4035,laptop,Dell Latitude 5440,34,67.43,36.09,6,0
AST-4036,laptop,HP EliteBook 840,51,82.71,63.91,1,3
AST-4037,laptop,Dell Latitude 5440,59,67.16,62.19,2,2
AST-4038,laptop,Dell Latitude 5440,20,47.45,28.1,10,0
AST-4039,desktop,Dell OptiPlex 7000,5,43.19,34.35,9,0
AST-4040,desktop,HP ProDesk 400,10,41.01,36.94,9,0
AST-4041,desktop,Dell OptiPlex 7000,46,56.55,45.16,6,1
AST-4042,desktop,HP ProDesk 400,30,63.23,56.71,5,0
AST-4043,desktop,HP ProDesk 400,63,79.26,74.06,1,4
AST-4044,laptop,Dell Latitude 5440,49,85.34,51.2,2,3
AST-4045,laptop,HP EliteBook 840,13,49.3,33.4,10,0
AST-4046,desktop,Dell OptiPlex 7000,32,41.83,34.36,10,0
AST-4047,desktop,HP ProDesk 400,40,39.87,34.2,9,0
AST-4048,laptop,Dell Latitude 5440,18,45.95,30.51,10,0
AST-4049,desktop,Dell OptiPlex 7000,4,42.7,31.91,9,0
AST-4050,laptop,Dell Latitude 5440,32,63.06,40.13,7,0
AST-4051,laptop,HP EliteBook 840,68,89.12,51.71,2,2
AST-4052,laptop,Dell Latitude 5440,32,78.81,73.87,1,4
AST-4053,desktop,Dell OptiPlex 7000,20,43.33,33.22,10,0
AST-4054,laptop,HP EliteBook 840,35,88.72,52.19,2,5
AST-4055,desktop,HP ProDesk 400,42,58.25,44.49,5,0
AST-4056,laptop,HP EliteBook 840,64,87.28,63.04,3,6
AST-4057,laptop,HP EliteBook 840,58,79.64,50.93,3,3
AST-4058,laptop,HP EliteBook 840,17,48.5,27.53,10,0
AST-4059,desktop,HP ProDesk 400,10,42.37,36.22,9,0
AST-4060,desktop,HP ProDesk 400,40,53.68,54.94,5,0
AST-4061,laptop,HP EliteBook 840,36,84.14,66.39,1,5
AST-4062,laptop,Dell Latitude 5440,28,66.14,41.36,7,0
AST-4063,desktop,Dell OptiPlex 7000,11,42.48,34.73,9,0
AST-4064,desktop,HP ProDesk 400,51,71.51,71.51,1,2
AST-4065,laptop,HP EliteBook 840,21,48.21,27.09,10,0
AST-4066,laptop,HP EliteBook 840,63,68.99,45.54,5,1
AST-4067,desktop,Dell OptiPlex 7000,36,41.47,32.55,10,0
AST-4068,desktop,Dell OptiPlex 7000,27,61.95,52.4,7,0
AST-4069,desktop,HP ProDesk 400,52,59.69,51.57,6,0
AST-4070,desktop,HP ProDesk 400,31,56.39,56.94,6,0
AST-4071,desktop,Dell OptiPlex 7000,17,44.31,30.11,10,0
AST-4072,laptop,Dell Latitude 5440,49,64.24,34.94,6,0
AST-4073,desktop,Dell OptiPlex 7000,6,40.95,36.59,10,0
AST-4074,laptop,HP EliteBook 840,0,82.34,68.84,2,5
AST-4075,desktop,HP ProDesk 400,16,43.38,34.36,9,0
AST-4076,laptop,Dell Latitude 5440,21,44.04,27.36,10,0
AST-4077,laptop,HP EliteBook 840,11,46.74,30.3,9,0
AST-4078,desktop,HP ProDesk 400,14,39.89,41.39,10,0
AST-4079,laptop,HP EliteBook 840,46,86.15,58.31,2,6
AST-4080,desktop,Dell OptiPlex 7000,66,72.43,88.7,2,5
AST-4081,desktop,Dell OptiPlex 7000,71,62.15,47.83,6,0
AST-4082,desktop,Dell OptiPlex 7000,6,41.55,35.67,10,0
AST-4083,desktop,HP ProDesk 400,59,61.45,84.62,2,2
AST-4084,desktop,Dell OptiPlex 7000,45,82.9,76.46,2,5
AST-4085,laptop,Dell Latitude 5440,18,47.97,28.28,10,0
AST-4086,laptop,Dell Latitude 5440,21,47.5,22.85,9,0
AST-4087,laptop,HP EliteBook 840,67,65.7,38.74,5,0
AST-4088,desktop,HP ProDesk 400,12,77.37,76.11,3,2
AST-4089,desktop,Dell OptiPlex 7000,47,38.39,31.7,10,0
AST-4090,desktop,HP ProDesk 400,3,64.44,56.18,7,0
AST-4091,desktop,HP ProDesk 400,0,41.29,35.66,10,0
AST-4092,laptop,HP EliteBook 840,72,89.36,69.19,3,4
AST-4093,desktop,Dell OptiPlex 7000,7,41.43,31.86,10,0
AST-4094,laptop,Dell Latitude 5440,51,65.43,44.21,6,0
AST-4095,laptop,Dell Latitude 5440,20,46.34,29.14,9,0
AST-4096,laptop,Dell Latitude 5440,38,45.91,27.65,10,0
AST-4097,laptop,HP EliteBook 840,45,46.07,23.43,9,0
AST-4098,laptop,HP EliteBook 840,57,86.78,56.0,3,6
AST-4099,desktop,HP ProDesk 400,11,41.61,30.44,9,0
AST-4100,desktop,Dell OptiPlex 7000,54,62.5,55.15,6,0
AST-4101,laptop,HP EliteBook 840,63,75.39,59.02,1,4
AST-4102,desktop,Dell OptiPlex 7000,55,84.4,82.15,2,3
AST-4103,desktop,Dell OptiPlex 7000,38,79.81,70.87,2,6
AST-4104,desktop,HP ProDesk 400,70,77.85,77.84,1,6
AST-4105,desktop,HP ProDesk 400,52,63.16,55.79,7,0
AST-4106,laptop,HP EliteBook 840,32,61.09,37.75,5,0
AST-4107,desktop,Dell OptiPlex 7000,22,42.15,30.31,9,0
AST-4108,laptop,HP EliteBook 840,53,85.5,56.97,3,5
AST-4109,desktop,Dell OptiPlex 7000,33,39.68,39.7,9,0
AST-4110,laptop,Dell Latitude 5440,23,51.25,30.85,10,0
AST-4111,laptop,HP EliteBook 840,55,65.18,41.16,5,0
AST-4112,desktop,HP ProDesk 400,58,57.34,44.97,7,0
AST-4113,desktop,HP ProDesk 400,38,53.54,45.18,6,0
AST-4114,desktop,Dell OptiPlex 7000,38,60.88,53.63,5,0
AST-4115,laptop,Dell Latitude 5440,24,66.8,39.13,7,0
AST-4116,desktop,HP ProDesk 400,55,62.74,45.88,7,0
AST-4117,laptop,Dell Latitude 5440,59,85.63,65.54,1,3
AST-4118,laptop,Dell Latitude 5440,56,68.8,40.23,6,0
AST-4119,laptop,HP EliteBook 840,37,44.92,25.5,9,0
AST-4120,desktop,HP ProDesk 400,1,43.83,37.92,10,0
AST-4121,desktop,Dell OptiPlex 7000,63,75.95,68.95,3,4
AST-4122,desktop,HP ProDesk 400,62,71.65,81.24,3,6
AST-4123,laptop,Dell Latitude 5440,29,64.68,36.47,6,0
AST-4124,laptop,HP EliteBook 840,34,67.94,38.66,6,0
AST-4125,desktop,HP ProDesk 400,57,76.17,75.84,2,3
AST-4126,laptop,HP EliteBook 840,44,45.85,28.63,10,0
AST-4127,laptop,HP EliteBook 840,16,49.28,24.82,10,0
AST-4128,desktop,HP ProDesk 400,46,61.03,45.62,5,0
AST-4129,desktop,Dell OptiPlex 7000,11,41.11,33.86,9,0
AST-4130,laptop,Dell Latitude 5440,62,86.68,64.19,2,4
AST-4131,desktop,HP ProDesk 400,26,48.83,47.19,6,1
AST-4132,desktop,Dell OptiPlex 7000,20,42.85,39.41,9,0
AST-4133,laptop,Dell Latitude 5440,43,45.61,28.96,9,0
AST-4134,laptop,HP EliteBook 840,62,82.28,65.97,2,2
AST-4135,laptop,Dell Latitude 5440,19,49.35,23.45,9,0
AST-4136,laptop,Dell Latitude 5440,56,86.38,45.84,1,2
AST-4137,desktop,Dell OptiPlex 7000,71,78.78,77.74,3,2
AST-4138,desktop,HP ProDesk 400,46,60.88,55.27,6,0
AST-4139,laptop,Dell Latitude 5440,12,48.31,29.46,9,0
AST-4140,desktop,HP ProDesk 400,25,56.61,54.05,5,0
AST-4141,desktop,HP ProDesk 400,43,59.08,54.89,6,0
AST-4142,desktop,Dell OptiPlex 7000,46,57.95,50.32,7,0
AST-4143,desktop,HP ProDesk 400,17,42.0,32.55,10,0
AST-4144,laptop,Dell Latitude 5440,66,66.29,37.61,5,0
AST-4145,desktop,Dell OptiPlex 7000,66,78.47,76.12,2,5
AST-4146,laptop,Dell Latitude 5440,55,90.32,64.31,3,3
AST-4147,laptop,HP EliteBook 840,66,87.64,59.43,3,6
AST-4148,laptop,Dell Latitude 5440,40,65.82,40.98,6,1
AST-4149,laptop,HP EliteBook 840,51,79.3,61.85,3,6
AST-4150,laptop,HP EliteBook 840,44,69.48,36.72,6,0
AST-4151,laptop,HP EliteBook 840,10,48.82,28.02,9,0
AST-4152,desktop,Dell OptiPlex 7000,27,62.67,55.29,7,0
AST-4153,desktop,Dell OptiPlex 7000,2,44.14,35.78,10,0
AST-4154,desktop,HP ProDesk 400,38,58.2,40.84,5,0
AST-4155,laptop,Dell Latitude 5440,33,63.54,38.57,5,0
AST-4156,desktop,Dell OptiPlex 7000,57,58.04,58.74,6,0
AST-4157,laptop,Dell Latitude 5440,72,79.91,46.72,3,6
AST-4158,desktop,Dell OptiPlex 7000,44,58.15,58.15,7,0
AST-4159,desktop,Dell OptiPlex 7000,48,57.25,52.13,6,0
AST-4160,laptop,Dell Latitude 5440,46,63.88,41.89,6,0
AST-4161,laptop,Dell Latitude 5440,11,50.41,29.49,10,0
AST-4162,desktop,HP ProDesk 400,57,83.13,81.25,2,6
AST-4163,desktop,HP ProDesk 400,33,55.82,49.62,6,0
AST-4164,laptop,HP EliteBook 840,53,66.25,39.25,5,0
AST-4165,desktop,Dell OptiPlex 7000,16,43.26,34.4,9,0
AST-4166,laptop,Dell Latitude 5440,58,74.33,62.16,3,4
AST-4167,desktop,Dell OptiPlex 7000,52,80.19,80.68,2,2
AST-4168,desktop,HP ProDesk 400,15,38.32,40.55,10,0
AST-4169,laptop,HP EliteBook 840,62,67.14,41.64,7,0
AST-4170,laptop,HP EliteBook 840,36,66.69,48.47,6,0
AST-4171,desktop,HP ProDesk 400,8,80.07,72.46,3,4
AST-4172,desktop,Dell OptiPlex 7000,43,60.17,48.05,7,0
AST-4173,desktop,HP ProDesk 400,17,39.83,34.92,10,0
AST-4174,laptop,HP EliteBook 840,19,48.39,25.85,10,0
AST-4175,laptop,HP EliteBook 840,29,67.71,39.12,5,1
AST-4176,laptop,HP EliteBook 840,35,61.84,34.89,7,0
AST-4177,desktop,Dell OptiPlex 7000,71,56.86,47.95,5,0
AST-4178,laptop,Dell Latitude 5440,72,74.25,59.14,3,2
AST-4179,desktop,HP ProDesk 400,68,76.92,78.06,1,3
AST-4180,desktop,HP ProDesk 400,10,60.94,47.38,6,0
AST-4181,laptop,HP EliteBook 840,2,46.99,28.83,9,0
AST-4182,desktop,Dell OptiPlex 7000,48,76.39,79.96,1,6
AST-4183,laptop,HP EliteBook 840,36,84.87,64.13,1,3
AST-4184,desktop,Dell OptiPlex 7000,52,59.05,51.24,6,0
AST-4185,laptop,HP EliteBook 840,38,79.12,63.86,2,4
AST-4186,laptop,Dell Latitude 5440,48,92.5,55.88,1,3
AST-4187,laptop,Dell Latitude 5440,30,45.0,27.68,10,0
AST-4188,laptop,Dell Latitude 5440,34,68.61,42.91,6,0
AST-4189,laptop,Dell Latitude 5440,52,75.1,50.62,1,4
AST-4190,desktop,HP ProDesk 400,31,41.68,31.38,9,0
AST-4191,laptop,Dell Latitude 5440,72,80.76,61.89,3,6
AST-4192,desktop,HP ProDesk 400,18,38.45,40.19,9,0
AST-4193,laptop,HP EliteBook 840,71,82.29,60.58,2,6
AST-4194,laptop,HP EliteBook 840,21,50.99,27.52,10,0
AST-4195,laptop,Dell Latitude 5440,32,67.06,37.94,6,0
AST-4196,laptop,Dell Latitude 5440,65,81.92,63.99,3,6
AST-4197,laptop,HP EliteBook 840,38,89.04,65.46,1,6
AST-4198,laptop,HP EliteBook 840,55,83.94,67.4,2,4
AST-4199,laptop,HP EliteBook 840,57,64.86,47.08,6,0
